age intervals,Experience intervals
41 - 50,6 - 10 Years
41 - 50,6 - 10 Years
31 - 40,6 - 10 Years
31 - 40,6 - 10 Years
18 - 30,6 - 10 Years
31 - 40,6 - 10 Years
51 - 60,11 - 20 Years
18 - 30,Upto 5 Years
31 - 40,6 - 10 Years
31 - 40,11 - 20 Years
31 - 40,6 - 10 Years
18 - 30,6 - 10 Years
31 - 40,Upto 5 Years
31 - 40,Upto 5 Years
18 - 30,6 - 10 Years
18 - 30,6 - 10 Years
31 - 40,6 - 10 Years
18 - 30,Upto 5 Years
51 - 60,21 - 40 Years
31 - 40,6 - 10 Years
18 - 30,Upto 5 Years
31 - 40,6 - 10 Years
31 - 40,11 - 20 Years
18 - 30,Upto 5 Years
31 - 40,6 - 10 Years
51 - 60,21 - 40 Years
31 - 40,6 - 10 Years
41 - 50,6 - 10 Years
41 - 50,21 - 40 Years
41 - 50,21 - 40 Years
31 - 40,6 - 10 Years
41 - 50,6 - 10 Years
18 - 30,6 - 10 Years
31 - 40,11 - 20 Years
18 - 30,6 - 10 Years
41 - 50,6 - 10 Years
41 - 50,Upto 5 Years
31 - 40,Upto 5 Years
31 - 40,6 - 10 Years
31 - 40,6 - 10 Years
31 - 40,Upto 5 Years
18 - 30,Upto 5 Years
18 - 30,Upto 5 Years
18 - 30,6 - 10 Years
18 - 30,11 - 20 Years
41 - 50,21 - 40 Years
31 - 40,6 - 10 Years
31 - 40,6 - 10 Years
41 - 50,11 - 20 Years
31 - 40,Upto 5 Years
41 - 50,21 - 40 Years
18 - 30,Upto 5 Years
41 - 50,6 - 10 Years
31 - 40,6 - 10 Years
18 - 30,Upto 5 Years
31 - 40,11 - 20 Years
31 - 40,6 - 10 Years
31 - 40,Upto 5 Years
31 - 40,6 - 10 Years
31 - 40,6 - 10 Years
31 - 40,6 - 10 Years
31 - 40,6 - 10 Years
41 - 50,21 - 40 Years
51 - 60,21 - 40 Years
31 - 40,11 - 20 Years
51 - 60,21 - 40 Years
31 - 40,6 - 10 Years
41 - 50,21 - 40 Years
31 - 40,Upto 5 Years
31 - 40,Upto 5 Years
51 - 60,11 - 20 Years
18 - 30,6 - 10 Years
31 - 40,Upto 5 Years
31 - 40,6 - 10 Years
31 - 40,Upto 5 Years
31 - 40,11 - 20 Years
31 - 40,11 - 20 Years
41 - 50,11 - 20 Years
31 - 40,11 - 20 Years
41 - 50,11 - 20 Years
18 - 30,6 - 10 Years
31 - 40,6 - 10 Years
51 - 60,21 - 40 Years
31 - 40,11 - 20 Years
31 - 40,Upto 5 Years
51 - 60,21 - 40 Years
18 - 30,Upto 5 Years
51 - 60,6 - 10 Years
18 - 30,11 - 20 Years
41 - 50,6 - 10 Years
31 - 40,21 - 40 Years
51 - 60,11 - 20 Years
18 - 30,11 - 20 Years
41 - 50,21 - 40 Years
31 - 40,11 - 20 Years
51 - 60,11 - 20 Years
18 - 30,Upto 5 Years
18 - 30,Upto 5 Years
51 - 60,21 - 40 Years
41 - 50,11 - 20 Years
31 - 40,6 - 10 Years
31 - 40,Upto 5 Years
18 - 30,Upto 5 Years
31 - 40,11 - 20 Years
31 - 40,11 - 20 Years
51 - 60,21 - 40 Years
41 - 50,21 - 40 Years
18 - 30,6 - 10 Years
18 - 30,Upto 5 Years
18 - 30,Upto 5 Years
51 - 60,21 - 40 Years
31 - 40,6 - 10 Years
51 - 60,21 - 40 Years
18 - 30,6 - 10 Years
31 - 40,11 - 20 Years
31 - 40,11 - 20 Years
31 - 40,11 - 20 Years
31 - 40,6 - 10 Years
31 - 40,6 - 10 Years
41 - 50,21 - 40 Years
18 - 30,6 - 10 Years
31 - 40,6 - 10 Years
51 - 60,6 - 10 Years
51 - 60,21 - 40 Years
31 - 40,11 - 20 Years
18 - 30,Upto 5 Years
51 - 60,21 - 40 Years
18 - 30,Upto 5 Years
18 - 30,Upto 5 Years
41 - 50,11 - 20 Years
41 - 50,11 - 20 Years
41 - 50,11 - 20 Years
31 - 40,Upto 5 Years
41 - 50,11 - 20 Years
18 - 30,6 - 10 Years
31 - 40,6 - 10 Years
51 - 60,11 - 20 Years
31 - 40,11 - 20 Years
18 - 30,6 - 10 Years
18 - 30,11 - 20 Years
31 - 40,6 - 10 Years
41 - 50,6 - 10 Years
31 - 40,11 - 20 Years
18 - 30,Upto 5 Years
31 - 40,6 - 10 Years
18 - 30,6 - 10 Years
18 - 30,6 - 10 Years
41 - 50,21 - 40 Years
41 - 50,6 - 10 Years
18 - 30,Upto 5 Years
31 - 40,11 - 20 Years
31 - 40,6 - 10 Years
51 - 60,11 - 20 Years
41 - 50,11 - 20 Years
31 - 40,6 - 10 Years
18 - 30,6 - 10 Years
51 - 60,6 - 10 Years
51 - 60,6 - 10 Years
31 - 40,11 - 20 Years
31 - 40,6 - 10 Years
18 - 30,Upto 5 Years
18 - 30,6 - 10 Years
18 - 30,Upto 5 Years
51 - 60,11 - 20 Years
18 - 30,Upto 5 Years
41 - 50,21 - 40 Years
41 - 50,11 - 20 Years
18 - 30,11 - 20 Years
31 - 40,11 - 20 Years
31 - 40,6 - 10 Years
18 - 30,6 - 10 Years
18 - 30,Upto 5 Years
31 - 40,11 - 20 Years
18 - 30,11 - 20 Years
41 - 50,6 - 10 Years
51 - 60,11 - 20 Years
31 - 40,Upto 5 Years
18 - 30,Upto 5 Years
41 - 50,21 - 40 Years
31 - 40,Upto 5 Years
31 - 40,6 - 10 Years
31 - 40,6 - 10 Years
41 - 50,Upto 5 Years
41 - 50,Upto 5 Years
51 - 60,Upto 5 Years
31 - 40,6 - 10 Years
31 - 40,21 - 40 Years
51 - 60,21 - 40 Years
31 - 40,6 - 10 Years
51 - 60,21 - 40 Years
51 - 60,21 - 40 Years
18 - 30,6 - 10 Years
31 - 40,6 - 10 Years
41 - 50,6 - 10 Years
41 - 50,21 - 40 Years
31 - 40,6 - 10 Years
31 - 40,6 - 10 Years
41 - 50,11 - 20 Years
31 - 40,11 - 20 Years
31 - 40,6 - 10 Years
18 - 30,6 - 10 Years
41 - 50,6 - 10 Years
31 - 40,Upto 5 Years
31 - 40,11 - 20 Years
31 - 40,11 - 20 Years
18 - 30,6 - 10 Years
18 - 30,Upto 5 Years
31 - 40,6 - 10 Years
31 - 40,Upto 5 Years
41 - 50,11 - 20 Years
31 - 40,11 - 20 Years
18 - 30,11 - 20 Years
18 - 30,6 - 10 Years
51 - 60,11 - 20 Years
18 - 30,6 - 10 Years
41 - 50,11 - 20 Years
18 - 30,6 - 10 Years
18 - 30,6 - 10 Years
41 - 50,21 - 40 Years
51 - 60,11 - 20 Years
31 - 40,11 - 20 Years
31 - 40,6 - 10 Years
31 - 40,6 - 10 Years
31 - 40,11 - 20 Years
31 - 40,6 - 10 Years
51 - 60,6 - 10 Years
31 - 40,11 - 20 Years
18 - 30,11 - 20 Years
31 - 40,6 - 10 Years
18 - 30,Upto 5 Years
51 - 60,6 - 10 Years
41 - 50,21 - 40 Years
51 - 60,6 - 10 Years
41 - 50,21 - 40 Years
31 - 40,6 - 10 Years
41 - 50,21 - 40 Years
31 - 40,11 - 20 Years
51 - 60,21 - 40 Years
31 - 40,6 - 10 Years
31 - 40,Upto 5 Years
31 - 40,6 - 10 Years
31 - 40,Upto 5 Years
41 - 50,11 - 20 Years
31 - 40,6 - 10 Years
41 - 50,21 - 40 Years
31 - 40,6 - 10 Years
31 - 40,Upto 5 Years
31 - 40,11 - 20 Years
31 - 40,11 - 20 Years
41 - 50,6 - 10 Years
31 - 40,11 - 20 Years
31 - 40,11 - 20 Years
18 - 30,6 - 10 Years
41 - 50,6 - 10 Years
18 - 30,6 - 10 Years
18 - 30,Upto 5 Years
41 - 50,6 - 10 Years
31 - 40,21 - 40 Years
51 - 60,Upto 5 Years
31 - 40,6 - 10 Years
31 - 40,Upto 5 Years
31 - 40,11 - 20 Years
31 - 40,6 - 10 Years
41 - 50,21 - 40 Years
18 - 30,Upto 5 Years
18 - 30,6 - 10 Years
31 - 40,6 - 10 Years
18 - 30,6 - 10 Years
41 - 50,21 - 40 Years
31 - 40,11 - 20 Years
51 - 60,21 - 40 Years
41 - 50,6 - 10 Years
18 - 30,Upto 5 Years
31 - 40,6 - 10 Years
18 - 30,Upto 5 Years
31 - 40,11 - 20 Years
31 - 40,6 - 10 Years
31 - 40,6 - 10 Years
18 - 30,6 - 10 Years
41 - 50,21 - 40 Years
51 - 60,21 - 40 Years
41 - 50,11 - 20 Years
18 - 30,6 - 10 Years
51 - 60,11 - 20 Years
18 - 30,Upto 5 Years
31 - 40,11 - 20 Years
41 - 50,11 - 20 Years
31 - 40,6 - 10 Years
18 - 30,Upto 5 Years
18 - 30,Upto 5 Years
41 - 50,21 - 40 Years
31 - 40,6 - 10 Years
31 - 40,Upto 5 Years
18 - 30,6 - 10 Years
31 - 40,Upto 5 Years
41 - 50,21 - 40 Years
18 - 30,Upto 5 Years
31 - 40,11 - 20 Years
31 - 40,Upto 5 Years
51 - 60,11 - 20 Years
41 - 50,21 - 40 Years
18 - 30,Upto 5 Years
18 - 30,6 - 10 Years
31 - 40,6 - 10 Years
31 - 40,11 - 20 Years
31 - 40,11 - 20 Years
31 - 40,11 - 20 Years
31 - 40,11 - 20 Years
51 - 60,11 - 20 Years
31 - 40,6 - 10 Years
31 - 40,6 - 10 Years
41 - 50,21 - 40 Years
31 - 40,Upto 5 Years
31 - 40,11 - 20 Years
31 - 40,21 - 40 Years
41 - 50,6 - 10 Years
41 - 50,21 - 40 Years
51 - 60,11 - 20 Years
18 - 30,Upto 5 Years
31 - 40,11 - 20 Years
18 - 30,Upto 5 Years
31 - 40,11 - 20 Years
31 - 40,6 - 10 Years
18 - 30,Upto 5 Years
18 - 30,11 - 20 Years
31 - 40,6 - 10 Years
31 - 40,21 - 40 Years
31 - 40,11 - 20 Years
31 - 40,6 - 10 Years
41 - 50,21 - 40 Years
41 - 50,6 - 10 Years
18 - 30,6 - 10 Years
51 - 60,11 - 20 Years
41 - 50,6 - 10 Years
41 - 50,11 - 20 Years
31 - 40,6 - 10 Years
18 - 30,6 - 10 Years
18 - 30,Upto 5 Years
18 - 30,6 - 10 Years
18 - 30,6 - 10 Years
31 - 40,6 - 10 Years
31 - 40,11 - 20 Years
31 - 40,11 - 20 Years
18 - 30,6 - 10 Years
31 - 40,11 - 20 Years
18 - 30,Upto 5 Years
41 - 50,6 - 10 Years
41 - 50,Upto 5 Years
41 - 50,11 - 20 Years
18 - 30,Upto 5 Years
41 - 50,Upto 5 Years
31 - 40,6 - 10 Years
41 - 50,11 - 20 Years
31 - 40,11 - 20 Years
18 - 30,Upto 5 Years
18 - 30,6 - 10 Years
41 - 50,11 - 20 Years
18 - 30,Upto 5 Years
31 - 40,6 - 10 Years
31 - 40,11 - 20 Years
51 - 60,11 - 20 Years
31 - 40,6 - 10 Years
18 - 30,Upto 5 Years
31 - 40,Upto 5 Years
31 - 40,11 - 20 Years
41 - 50,6 - 10 Years
41 - 50,6 - 10 Years
41 - 50,11 - 20 Years
31 - 40,6 - 10 Years
31 - 40,Upto 5 Years
18 - 30,Upto 5 Years
18 - 30,6 - 10 Years
31 - 40,6 - 10 Years
18 - 30,Upto 5 Years
18 - 30,6 - 10 Years
41 - 50,21 - 40 Years
51 - 60,11 - 20 Years
31 - 40,6 - 10 Years
31 - 40,6 - 10 Years
51 - 60,21 - 40 Years
18 - 30,Upto 5 Years
18 - 30,Upto 5 Years
18 - 30,6 - 10 Years
18 - 30,Upto 5 Years
31 - 40,6 - 10 Years
18 - 30,Upto 5 Years
31 - 40,11 - 20 Years
31 - 40,6 - 10 Years
41 - 50,6 - 10 Years
31 - 40,11 - 20 Years
41 - 50,21 - 40 Years
31 - 40,11 - 20 Years
51 - 60,21 - 40 Years
31 - 40,6 - 10 Years
31 - 40,11 - 20 Years
41 - 50,6 - 10 Years
41 - 50,6 - 10 Years
18 - 30,Upto 5 Years
31 - 40,11 - 20 Years
31 - 40,Upto 5 Years
31 - 40,21 - 40 Years
51 - 60,21 - 40 Years
18 - 30,6 - 10 Years
41 - 50,6 - 10 Years
18 - 30,6 - 10 Years
18 - 30,6 - 10 Years
51 - 60,21 - 40 Years
41 - 50,6 - 10 Years
51 - 60,21 - 40 Years
41 - 50,11 - 20 Years
18 - 30,11 - 20 Years
51 - 60,21 - 40 Years
41 - 50,11 - 20 Years
41 - 50,6 - 10 Years
18 - 30,6 - 10 Years
31 - 40,Upto 5 Years
31 - 40,Upto 5 Years
31 - 40,21 - 40 Years
18 - 30,Upto 5 Years
18 - 30,6 - 10 Years
18 - 30,6 - 10 Years
18 - 30,6 - 10 Years
18 - 30,Upto 5 Years
18 - 30,6 - 10 Years
51 - 60,21 - 40 Years
41 - 50,21 - 40 Years
18 - 30,11 - 20 Years
51 - 60,21 - 40 Years
41 - 50,11 - 20 Years
41 - 50,21 - 40 Years
31 - 40,6 - 10 Years
51 - 60,11 - 20 Years
31 - 40,11 - 20 Years
41 - 50,11 - 20 Years
31 - 40,11 - 20 Years
31 - 40,11 - 20 Years
31 - 40,6 - 10 Years
18 - 30,Upto 5 Years
31 - 40,6 - 10 Years
31 - 40,11 - 20 Years
31 - 40,11 - 20 Years
41 - 50,6 - 10 Years
31 - 40,6 - 10 Years
18 - 30,Upto 5 Years
41 - 50,11 - 20 Years
51 - 60,21 - 40 Years
41 - 50,11 - 20 Years
31 - 40,11 - 20 Years
31 - 40,21 - 40 Years
31 - 40,6 - 10 Years
31 - 40,6 - 10 Years
41 - 50,6 - 10 Years
41 - 50,6 - 10 Years
18 - 30,6 - 10 Years
18 - 30,6 - 10 Years
31 - 40,6 - 10 Years
31 - 40,6 - 10 Years
18 - 30,Upto 5 Years
31 - 40,11 - 20 Years
41 - 50,6 - 10 Years
18 - 30,6 - 10 Years
31 - 40,Upto 5 Years
31 - 40,6 - 10 Years
18 - 30,Upto 5 Years
31 - 40,11 - 20 Years
41 - 50,21 - 40 Years
41 - 50,21 - 40 Years
31 - 40,6 - 10 Years
51 - 60,11 - 20 Years
31 - 40,6 - 10 Years
18 - 30,Upto 5 Years
31 - 40,11 - 20 Years
31 - 40,6 - 10 Years
41 - 50,21 - 40 Years
18 - 30,6 - 10 Years
18 - 30,6 - 10 Years
18 - 30,Upto 5 Years
41 - 50,21 - 40 Years
18 - 30,6 - 10 Years
18 - 30,6 - 10 Years
18 - 30,Upto 5 Years
31 - 40,6 - 10 Years
31 - 40,6 - 10 Years
31 - 40,6 - 10 Years
31 - 40,11 - 20 Years
18 - 30,6 - 10 Years
31 - 40,11 - 20 Years
18 - 30,Upto 5 Years
41 - 50,6 - 10 Years
41 - 50,21 - 40 Years
31 - 40,6 - 10 Years
41 - 50,6 - 10 Years
41 - 50,21 - 40 Years
41 - 50,6 - 10 Years
31 - 40,6 - 10 Years
18 - 30,Upto 5 Years
18 - 30,Upto 5 Years
41 - 50,21 - 40 Years
18 - 30,Upto 5 Years
31 - 40,6 - 10 Years
31 - 40,6 - 10 Years
18 - 30,Upto 5 Years
51 - 60,11 - 20 Years
31 - 40,6 - 10 Years
41 - 50,Upto 5 Years
18 - 30,Upto 5 Years
31 - 40,6 - 10 Years
18 - 30,6 - 10 Years
31 - 40,11 - 20 Years
31 - 40,11 - 20 Years
51 - 60,11 - 20 Years
31 - 40,11 - 20 Years
18 - 30,Upto 5 Years
18 - 30,Upto 5 Years
31 - 40,6 - 10 Years
31 - 40,Upto 5 Years
18 - 30,Upto 5 Years
18 - 30,Upto 5 Years
31 - 40,6 - 10 Years
18 - 30,6 - 10 Years
41 - 50,11 - 20 Years
18 - 30,6 - 10 Years
31 - 40,Upto 5 Years
41 - 50,11 - 20 Years
31 - 40,6 - 10 Years
18 - 30,Upto 5 Years
31 - 40,11 - 20 Years
31 - 40,6 - 10 Years
41 - 50,11 - 20 Years
31 - 40,6 - 10 Years
18 - 30,6 - 10 Years
31 - 40,6 - 10 Years
41 - 50,11 - 20 Years
31 - 40,11 - 20 Years
51 - 60,21 - 40 Years
41 - 50,21 - 40 Years
51 - 60,6 - 10 Years
18 - 30,6 - 10 Years
41 - 50,21 - 40 Years
41 - 50,Upto 5 Years
18 - 30,6 - 10 Years
31 - 40,6 - 10 Years
31 - 40,6 - 10 Years
41 - 50,6 - 10 Years
41 - 50,21 - 40 Years
18 - 30,6 - 10 Years
18 - 30,Upto 5 Years
41 - 50,6 - 10 Years
41 - 50,6 - 10 Years
31 - 40,6 - 10 Years
18 - 30,Upto 5 Years
31 - 40,11 - 20 Years
51 - 60,21 - 40 Years
31 - 40,Upto 5 Years
18 - 30,6 - 10 Years
18 - 30,Upto 5 Years
51 - 60,11 - 20 Years
31 - 40,11 - 20 Years
31 - 40,6 - 10 Years
31 - 40,6 - 10 Years
31 - 40,6 - 10 Years
51 - 60,21 - 40 Years
31 - 40,6 - 10 Years
18 - 30,6 - 10 Years
41 - 50,6 - 10 Years
18 - 30,Upto 5 Years
41 - 50,6 - 10 Years
31 - 40,6 - 10 Years
51 - 60,21 - 40 Years
31 - 40,6 - 10 Years
51 - 60,Upto 5 Years
18 - 30,Upto 5 Years
18 - 30,11 - 20 Years
18 - 30,6 - 10 Years
31 - 40,6 - 10 Years
51 - 60,6 - 10 Years
18 - 30,Upto 5 Years
31 - 40,6 - 10 Years
31 - 40,11 - 20 Years
31 - 40,6 - 10 Years
31 - 40,Upto 5 Years
18 - 30,6 - 10 Years
31 - 40,6 - 10 Years
31 - 40,6 - 10 Years
41 - 50,21 - 40 Years
18 - 30,Upto 5 Years
18 - 30,Upto 5 Years
51 - 60,6 - 10 Years
41 - 50,21 - 40 Years
18 - 30,Upto 5 Years
31 - 40,11 - 20 Years
31 - 40,6 - 10 Years
41 - 50,21 - 40 Years
31 - 40,6 - 10 Years
18 - 30,6 - 10 Years
51 - 60,21 - 40 Years
31 - 40,6 - 10 Years
41 - 50,6 - 10 Years
18 - 30,Upto 5 Years
31 - 40,6 - 10 Years
31 - 40,11 - 20 Years
31 - 40,6 - 10 Years
18 - 30,11 - 20 Years
41 - 50,Upto 5 Years
41 - 50,6 - 10 Years
31 - 40,11 - 20 Years
31 - 40,6 - 10 Years
41 - 50,6 - 10 Years
51 - 60,11 - 20 Years
41 - 50,21 - 40 Years
18 - 30,6 - 10 Years
31 - 40,11 - 20 Years
18 - 30,6 - 10 Years
31 - 40,Upto 5 Years
18 - 30,6 - 10 Years
18 - 30,Upto 5 Years
51 - 60,21 - 40 Years
41 - 50,6 - 10 Years
18 - 30,6 - 10 Years
31 - 40,6 - 10 Years
31 - 40,6 - 10 Years
31 - 40,11 - 20 Years
31 - 40,6 - 10 Years
18 - 30,6 - 10 Years
51 - 60,21 - 40 Years
41 - 50,11 - 20 Years
31 - 40,6 - 10 Years
51 - 60,21 - 40 Years
31 - 40,6 - 10 Years
18 - 30,6 - 10 Years
18 - 30,Upto 5 Years
41 - 50,6 - 10 Years
41 - 50,6 - 10 Years
31 - 40,6 - 10 Years
18 - 30,Upto 5 Years
31 - 40,11 - 20 Years
31 - 40,6 - 10 Years
31 - 40,Upto 5 Years
18 - 30,Upto 5 Years
41 - 50,6 - 10 Years
18 - 30,6 - 10 Years
31 - 40,6 - 10 Years
31 - 40,Upto 5 Years
41 - 50,11 - 20 Years
31 - 40,6 - 10 Years
18 - 30,Upto 5 Years
51 - 60,21 - 40 Years
31 - 40,11 - 20 Years
31 - 40,6 - 10 Years
51 - 60,21 - 40 Years
41 - 50,11 - 20 Years
41 - 50,6 - 10 Years
31 - 40,6 - 10 Years
41 - 50,21 - 40 Years
31 - 40,11 - 20 Years
31 - 40,6 - 10 Years
31 - 40,Upto 5 Years
18 - 30,6 - 10 Years
41 - 50,6 - 10 Years
18 - 30,Upto 5 Years
51 - 60,Upto 5 Years
41 - 50,Upto 5 Years
18 - 30,Upto 5 Years
18 - 30,Upto 5 Years
31 - 40,11 - 20 Years
41 - 50,Upto 5 Years
18 - 30,Upto 5 Years
41 - 50,6 - 10 Years
18 - 30,6 - 10 Years
31 - 40,6 - 10 Years
18 - 30,Upto 5 Years
31 - 40,Upto 5 Years
41 - 50,6 - 10 Years
31 - 40,6 - 10 Years
51 - 60,21 - 40 Years
31 - 40,11 - 20 Years
31 - 40,6 - 10 Years
41 - 50,21 - 40 Years
41 - 50,11 - 20 Years
31 - 40,6 - 10 Years
31 - 40,6 - 10 Years
31 - 40,11 - 20 Years
31 - 40,Upto 5 Years
18 - 30,Upto 5 Years
31 - 40,11 - 20 Years
18 - 30,6 - 10 Years
41 - 50,11 - 20 Years
31 - 40,11 - 20 Years
18 - 30,Upto 5 Years
18 - 30,Upto 5 Years
31 - 40,6 - 10 Years
31 - 40,Upto 5 Years
31 - 40,6 - 10 Years
31 - 40,11 - 20 Years
31 - 40,6 - 10 Years
31 - 40,11 - 20 Years
41 - 50,6 - 10 Years
18 - 30,Upto 5 Years
31 - 40,Upto 5 Years
51 - 60,21 - 40 Years
51 - 60,6 - 10 Years
51 - 60,21 - 40 Years
18 - 30,6 - 10 Years
31 - 40,6 - 10 Years
31 - 40,11 - 20 Years
31 - 40,6 - 10 Years
31 - 40,21 - 40 Years
41 - 50,11 - 20 Years
31 - 40,11 - 20 Years
31 - 40,Upto 5 Years
31 - 40,6 - 10 Years
18 - 30,Upto 5 Years
31 - 40,Upto 5 Years
41 - 50,6 - 10 Years
41 - 50,21 - 40 Years
31 - 40,6 - 10 Years
41 - 50,21 - 40 Years
18 - 30,Upto 5 Years
41 - 50,6 - 10 Years
41 - 50,6 - 10 Years
18 - 30,6 - 10 Years
41 - 50,21 - 40 Years
31 - 40,Upto 5 Years
41 - 50,11 - 20 Years
18 - 30,Upto 5 Years
31 - 40,Upto 5 Years
31 - 40,Upto 5 Years
18 - 30,Upto 5 Years
51 - 60,21 - 40 Years
31 - 40,11 - 20 Years
18 - 30,6 - 10 Years
18 - 30,Upto 5 Years
18 - 30,Upto 5 Years
18 - 30,6 - 10 Years
18 - 30,Upto 5 Years
41 - 50,11 - 20 Years
41 - 50,21 - 40 Years
41 - 50,6 - 10 Years
31 - 40,21 - 40 Years
18 - 30,Upto 5 Years
31 - 40,Upto 5 Years
41 - 50,21 - 40 Years
41 - 50,6 - 10 Years
51 - 60,21 - 40 Years
31 - 40,11 - 20 Years
51 - 60,11 - 20 Years
41 - 50,21 - 40 Years
31 - 40,11 - 20 Years
18 - 30,6 - 10 Years
51 - 60,21 - 40 Years
41 - 50,21 - 40 Years
41 - 50,11 - 20 Years
31 - 40,11 - 20 Years
31 - 40,21 - 40 Years
31 - 40,Upto 5 Years
41 - 50,21 - 40 Years
31 - 40,6 - 10 Years
31 - 40,11 - 20 Years
51 - 60,11 - 20 Years
41 - 50,6 - 10 Years
51 - 60,21 - 40 Years
31 - 40,6 - 10 Years
18 - 30,6 - 10 Years
31 - 40,Upto 5 Years
18 - 30,Upto 5 Years
31 - 40,6 - 10 Years
41 - 50,21 - 40 Years
31 - 40,6 - 10 Years
31 - 40,6 - 10 Years
18 - 30,Upto 5 Years
41 - 50,21 - 40 Years
51 - 60,11 - 20 Years
51 - 60,11 - 20 Years
31 - 40,11 - 20 Years
51 - 60,21 - 40 Years
41 - 50,11 - 20 Years
18 - 30,Upto 5 Years
18 - 30,Upto 5 Years
41 - 50,11 - 20 Years
51 - 60,11 - 20 Years
18 - 30,6 - 10 Years
18 - 30,6 - 10 Years
18 - 30,6 - 10 Years
41 - 50,6 - 10 Years
31 - 40,11 - 20 Years
31 - 40,11 - 20 Years
18 - 30,Upto 5 Years
51 - 60,21 - 40 Years
18 - 30,6 - 10 Years
41 - 50,21 - 40 Years
31 - 40,6 - 10 Years
31 - 40,6 - 10 Years
31 - 40,11 - 20 Years
18 - 30,Upto 5 Years
31 - 40,6 - 10 Years
31 - 40,6 - 10 Years
18 - 30,6 - 10 Years
18 - 30,Upto 5 Years
31 - 40,Upto 5 Years
41 - 50,21 - 40 Years
18 - 30,Upto 5 Years
41 - 50,Upto 5 Years
31 - 40,Upto 5 Years
31 - 40,6 - 10 Years
41 - 50,21 - 40 Years
41 - 50,11 - 20 Years
51 - 60,11 - 20 Years
31 - 40,6 - 10 Years
18 - 30,11 - 20 Years
18 - 30,6 - 10 Years
41 - 50,21 - 40 Years
31 - 40,6 - 10 Years
41 - 50,11 - 20 Years
31 - 40,21 - 40 Years
31 - 40,21 - 40 Years
18 - 30,Upto 5 Years
31 - 40,6 - 10 Years
31 - 40,11 - 20 Years
31 - 40,Upto 5 Years
18 - 30,6 - 10 Years
31 - 40,Upto 5 Years
41 - 50,21 - 40 Years
31 - 40,Upto 5 Years
18 - 30,6 - 10 Years
41 - 50,11 - 20 Years
18 - 30,6 - 10 Years
31 - 40,6 - 10 Years
18 - 30,Upto 5 Years
18 - 30,Upto 5 Years
31 - 40,6 - 10 Years
41 - 50,6 - 10 Years
31 - 40,Upto 5 Years
31 - 40,6 - 10 Years
18 - 30,Upto 5 Years
31 - 40,6 - 10 Years
31 - 40,6 - 10 Years
18 - 30,11 - 20 Years
31 - 40,11 - 20 Years
41 - 50,21 - 40 Years
41 - 50,6 - 10 Years
31 - 40,6 - 10 Years
18 - 30,6 - 10 Years
18 - 30,Upto 5 Years
18 - 30,6 - 10 Years
18 - 30,6 - 10 Years
31 - 40,11 - 20 Years
31 - 40,11 - 20 Years
31 - 40,11 - 20 Years
31 - 40,Upto 5 Years
41 - 50,6 - 10 Years
31 - 40,Upto 5 Years
51 - 60,21 - 40 Years
18 - 30,6 - 10 Years
18 - 30,Upto 5 Years
41 - 50,6 - 10 Years
31 - 40,11 - 20 Years
18 - 30,Upto 5 Years
41 - 50,6 - 10 Years
51 - 60,21 - 40 Years
18 - 30,6 - 10 Years
18 - 30,Upto 5 Years
41 - 50,21 - 40 Years
41 - 50,6 - 10 Years
31 - 40,Upto 5 Years
41 - 50,Upto 5 Years
18 - 30,6 - 10 Years
31 - 40,Upto 5 Years
41 - 50,21 - 40 Years
18 - 30,6 - 10 Years
41 - 50,21 - 40 Years
31 - 40,11 - 20 Years
18 - 30,Upto 5 Years
31 - 40,6 - 10 Years
31 - 40,6 - 10 Years
18 - 30,6 - 10 Years
41 - 50,11 - 20 Years
18 - 30,Upto 5 Years
41 - 50,11 - 20 Years
41 - 50,6 - 10 Years
51 - 60,11 - 20 Years
31 - 40,Upto 5 Years
31 - 40,6 - 10 Years
31 - 40,11 - 20 Years
31 - 40,11 - 20 Years
31 - 40,6 - 10 Years
18 - 30,Upto 5 Years
18 - 30,11 - 20 Years
41 - 50,11 - 20 Years
31 - 40,11 - 20 Years
18 - 30,6 - 10 Years
51 - 60,21 - 40 Years
41 - 50,6 - 10 Years
18 - 30,Upto 5 Years
18 - 30,Upto 5 Years
51 - 60,21 - 40 Years
31 - 40,6 - 10 Years
31 - 40,6 - 10 Years
51 - 60,11 - 20 Years
41 - 50,21 - 40 Years
41 - 50,21 - 40 Years
31 - 40,11 - 20 Years
41 - 50,6 - 10 Years
18 - 30,Upto 5 Years
18 - 30,6 - 10 Years
41 - 50,21 - 40 Years
18 - 30,6 - 10 Years
31 - 40,Upto 5 Years
41 - 50,21 - 40 Years
31 - 40,6 - 10 Years
18 - 30,Upto 5 Years
18 - 30,Upto 5 Years
18 - 30,Upto 5 Years
18 - 30,6 - 10 Years
41 - 50,21 - 40 Years
51 - 60,21 - 40 Years
18 - 30,Upto 5 Years
41 - 50,21 - 40 Years
31 - 40,Upto 5 Years
51 - 60,21 - 40 Years
51 - 60,21 - 40 Years
31 - 40,11 - 20 Years
18 - 30,Upto 5 Years
41 - 50,21 - 40 Years
31 - 40,11 - 20 Years
31 - 40,Upto 5 Years
41 - 50,11 - 20 Years
41 - 50,21 - 40 Years
31 - 40,11 - 20 Years
41 - 50,6 - 10 Years
18 - 30,Upto 5 Years
51 - 60,6 - 10 Years
18 - 30,6 - 10 Years
18 - 30,6 - 10 Years
18 - 30,Upto 5 Years
18 - 30,Upto 5 Years
31 - 40,6 - 10 Years
41 - 50,21 - 40 Years
31 - 40,21 - 40 Years
51 - 60,Upto 5 Years
31 - 40,6 - 10 Years
31 - 40,6 - 10 Years
18 - 30,6 - 10 Years
31 - 40,6 - 10 Years
41 - 50,6 - 10 Years
18 - 30,6 - 10 Years
41 - 50,21 - 40 Years
31 - 40,6 - 10 Years
51 - 60,6 - 10 Years
18 - 30,6 - 10 Years
31 - 40,6 - 10 Years
31 - 40,6 - 10 Years
41 - 50,11 - 20 Years
31 - 40,Upto 5 Years
41 - 50,6 - 10 Years
41 - 50,21 - 40 Years
51 - 60,21 - 40 Years
51 - 60,21 - 40 Years
31 - 40,6 - 10 Years
31 - 40,6 - 10 Years
31 - 40,6 - 10 Years
41 - 50,6 - 10 Years
31 - 40,6 - 10 Years
51 - 60,21 - 40 Years
31 - 40,11 - 20 Years
31 - 40,6 - 10 Years
18 - 30,6 - 10 Years
51 - 60,21 - 40 Years
31 - 40,6 - 10 Years
31 - 40,11 - 20 Years
41 - 50,11 - 20 Years
18 - 30,Upto 5 Years
51 - 60,21 - 40 Years
18 - 30,Upto 5 Years
31 - 40,6 - 10 Years
18 - 30,6 - 10 Years
51 - 60,21 - 40 Years
51 - 60,21 - 40 Years
31 - 40,Upto 5 Years
31 - 40,11 - 20 Years
31 - 40,6 - 10 Years
31 - 40,Upto 5 Years
31 - 40,Upto 5 Years
31 - 40,Upto 5 Years
31 - 40,11 - 20 Years
18 - 30,Upto 5 Years
31 - 40,6 - 10 Years
31 - 40,6 - 10 Years
51 - 60,11 - 20 Years
41 - 50,11 - 20 Years
31 - 40,6 - 10 Years
31 - 40,6 - 10 Years
31 - 40,Upto 5 Years
31 - 40,11 - 20 Years
18 - 30,6 - 10 Years
51 - 60,21 - 40 Years
41 - 50,11 - 20 Years
18 - 30,6 - 10 Years
18 - 30,6 - 10 Years
18 - 30,Upto 5 Years
41 - 50,21 - 40 Years
51 - 60,11 - 20 Years
31 - 40,6 - 10 Years
31 - 40,6 - 10 Years
18 - 30,6 - 10 Years
18 - 30,6 - 10 Years
18 - 30,6 - 10 Years
41 - 50,11 - 20 Years
18 - 30,6 - 10 Years
51 - 60,21 - 40 Years
51 - 60,21 - 40 Years
51 - 60,21 - 40 Years
31 - 40,11 - 20 Years
31 - 40,Upto 5 Years
18 - 30,6 - 10 Years
31 - 40,6 - 10 Years
31 - 40,6 - 10 Years
31 - 40,Upto 5 Years
18 - 30,6 - 10 Years
31 - 40,6 - 10 Years
31 - 40,11 - 20 Years
41 - 50,11 - 20 Years
18 - 30,6 - 10 Years
31 - 40,6 - 10 Years
51 - 60,Upto 5 Years
41 - 50,21 - 40 Years
18 - 30,Upto 5 Years
31 - 40,6 - 10 Years
31 - 40,6 - 10 Years
41 - 50,6 - 10 Years
31 - 40,11 - 20 Years
31 - 40,11 - 20 Years
41 - 50,21 - 40 Years
31 - 40,11 - 20 Years
31 - 40,6 - 10 Years
41 - 50,21 - 40 Years
31 - 40,6 - 10 Years
31 - 40,6 - 10 Years
41 - 50,6 - 10 Years
41 - 50,11 - 20 Years
31 - 40,Upto 5 Years
31 - 40,11 - 20 Years
18 - 30,6 - 10 Years
41 - 50,6 - 10 Years
51 - 60,21 - 40 Years
41 - 50,11 - 20 Years
31 - 40,6 - 10 Years
41 - 50,6 - 10 Years
31 - 40,Upto 5 Years
31 - 40,11 - 20 Years
18 - 30,Upto 5 Years
41 - 50,11 - 20 Years
41 - 50,11 - 20 Years
18 - 30,Upto 5 Years
51 - 60,11 - 20 Years
41 - 50,21 - 40 Years
31 - 40,11 - 20 Years
18 - 30,Upto 5 Years
18 - 30,6 - 10 Years
31 - 40,11 - 20 Years
31 - 40,Upto 5 Years
18 - 30,Upto 5 Years
18 - 30,Upto 5 Years
41 - 50,11 - 20 Years
18 - 30,6 - 10 Years
18 - 30,6 - 10 Years
51 - 60,Upto 5 Years
31 - 40,6 - 10 Years
41 - 50,11 - 20 Years
18 - 30,6 - 10 Years
18 - 30,Upto 5 Years
18 - 30,Upto 5 Years
41 - 50,6 - 10 Years
18 - 30,Upto 5 Years
18 - 30,6 - 10 Years
31 - 40,11 - 20 Years
31 - 40,6 - 10 Years
51 - 60,21 - 40 Years
18 - 30,11 - 20 Years
41 - 50,21 - 40 Years
31 - 40,6 - 10 Years
41 - 50,21 - 40 Years
31 - 40,11 - 20 Years
18 - 30,Upto 5 Years
31 - 40,11 - 20 Years
31 - 40,6 - 10 Years
31 - 40,6 - 10 Years
41 - 50,21 - 40 Years
31 - 40,11 - 20 Years
41 - 50,Upto 5 Years
31 - 40,6 - 10 Years
18 - 30,6 - 10 Years
31 - 40,Upto 5 Years
41 - 50,6 - 10 Years
41 - 50,21 - 40 Years
31 - 40,6 - 10 Years
31 - 40,11 - 20 Years
31 - 40,21 - 40 Years
18 - 30,Upto 5 Years
31 - 40,6 - 10 Years
41 - 50,6 - 10 Years
31 - 40,6 - 10 Years
31 - 40,11 - 20 Years
31 - 40,6 - 10 Years
41 - 50,11 - 20 Years
18 - 30,Upto 5 Years
31 - 40,6 - 10 Years
18 - 30,6 - 10 Years
31 - 40,6 - 10 Years
31 - 40,Upto 5 Years
18 - 30,6 - 10 Years
31 - 40,Upto 5 Years
51 - 60,21 - 40 Years
31 - 40,6 - 10 Years
31 - 40,6 - 10 Years
41 - 50,6 - 10 Years
31 - 40,Upto 5 Years
51 - 60,21 - 40 Years
31 - 40,6 - 10 Years
18 - 30,Upto 5 Years
31 - 40,6 - 10 Years
31 - 40,6 - 10 Years
31 - 40,11 - 20 Years
18 - 30,6 - 10 Years
31 - 40,6 - 10 Years
31 - 40,11 - 20 Years
18 - 30,6 - 10 Years
41 - 50,21 - 40 Years
18 - 30,Upto 5 Years
31 - 40,6 - 10 Years
41 - 50,21 - 40 Years
31 - 40,6 - 10 Years
31 - 40,6 - 10 Years
31 - 40,Upto 5 Years
41 - 50,6 - 10 Years
31 - 40,Upto 5 Years
41 - 50,21 - 40 Years
18 - 30,Upto 5 Years
18 - 30,Upto 5 Years
41 - 50,21 - 40 Years
31 - 40,6 - 10 Years
41 - 50,21 - 40 Years
18 - 30,6 - 10 Years
41 - 50,6 - 10 Years
41 - 50,6 - 10 Years
31 - 40,6 - 10 Years
31 - 40,6 - 10 Years
31 - 40,6 - 10 Years
41 - 50,6 - 10 Years
31 - 40,6 - 10 Years
18 - 30,6 - 10 Years
31 - 40,11 - 20 Years
18 - 30,6 - 10 Years
18 - 30,Upto 5 Years
18 - 30,Upto 5 Years
41 - 50,21 - 40 Years
31 - 40,11 - 20 Years
31 - 40,11 - 20 Years
31 - 40,11 - 20 Years
31 - 40,6 - 10 Years
31 - 40,6 - 10 Years
41 - 50,6 - 10 Years
31 - 40,6 - 10 Years
31 - 40,11 - 20 Years
31 - 40,6 - 10 Years
31 - 40,11 - 20 Years
41 - 50,11 - 20 Years
41 - 50,21 - 40 Years
31 - 40,6 - 10 Years
18 - 30,6 - 10 Years
18 - 30,Upto 5 Years
18 - 30,6 - 10 Years
31 - 40,6 - 10 Years
18 - 30,6 - 10 Years
31 - 40,6 - 10 Years
18 - 30,6 - 10 Years
31 - 40,6 - 10 Years
41 - 50,21 - 40 Years
41 - 50,11 - 20 Years
18 - 30,Upto 5 Years
31 - 40,11 - 20 Years
31 - 40,11 - 20 Years
41 - 50,21 - 40 Years
31 - 40,Upto 5 Years
31 - 40,11 - 20 Years
51 - 60,21 - 40 Years
41 - 50,11 - 20 Years
31 - 40,11 - 20 Years
31 - 40,11 - 20 Years
18 - 30,6 - 10 Years
31 - 40,6 - 10 Years
31 - 40,6 - 10 Years
31 - 40,6 - 10 Years
41 - 50,11 - 20 Years
31 - 40,Upto 5 Years
41 - 50,21 - 40 Years
41 - 50,21 - 40 Years
41 - 50,21 - 40 Years
18 - 30,Upto 5 Years
31 - 40,6 - 10 Years
31 - 40,6 - 10 Years
41 - 50,6 - 10 Years
18 - 30,Upto 5 Years
31 - 40,6 - 10 Years
51 - 60,11 - 20 Years
41 - 50,11 - 20 Years
31 - 40,Upto 5 Years
18 - 30,6 - 10 Years
51 - 60,6 - 10 Years
31 - 40,11 - 20 Years
51 - 60,11 - 20 Years
31 - 40,11 - 20 Years
31 - 40,6 - 10 Years
31 - 40,6 - 10 Years
18 - 30,Upto 5 Years
41 - 50,6 - 10 Years
31 - 40,6 - 10 Years
41 - 50,6 - 10 Years
18 - 30,Upto 5 Years
41 - 50,6 - 10 Years
18 - 30,6 - 10 Years
31 - 40,11 - 20 Years
41 - 50,21 - 40 Years
18 - 30,Upto 5 Years
41 - 50,21 - 40 Years
18 - 30,Upto 5 Years
41 - 50,21 - 40 Years
31 - 40,6 - 10 Years
31 - 40,6 - 10 Years
41 - 50,6 - 10 Years
31 - 40,11 - 20 Years
18 - 30,6 - 10 Years
41 - 50,11 - 20 Years
31 - 40,11 - 20 Years
18 - 30,6 - 10 Years
41 - 50,Upto 5 Years
41 - 50,11 - 20 Years
31 - 40,11 - 20 Years
31 - 40,6 - 10 Years
18 - 30,Upto 5 Years
31 - 40,6 - 10 Years
31 - 40,6 - 10 Years
31 - 40,6 - 10 Years
31 - 40,21 - 40 Years
41 - 50,6 - 10 Years
18 - 30,6 - 10 Years
18 - 30,Upto 5 Years
18 - 30,6 - 10 Years
31 - 40,6 - 10 Years
18 - 30,6 - 10 Years
18 - 30,Upto 5 Years
18 - 30,6 - 10 Years
18 - 30,11 - 20 Years
31 - 40,6 - 10 Years
31 - 40,11 - 20 Years
41 - 50,6 - 10 Years
31 - 40,11 - 20 Years
31 - 40,6 - 10 Years
31 - 40,6 - 10 Years
18 - 30,Upto 5 Years
18 - 30,6 - 10 Years
31 - 40,11 - 20 Years
31 - 40,11 - 20 Years
41 - 50,6 - 10 Years
41 - 50,6 - 10 Years
51 - 60,21 - 40 Years
31 - 40,11 - 20 Years
41 - 50,Upto 5 Years
31 - 40,11 - 20 Years
51 - 60,21 - 40 Years
41 - 50,6 - 10 Years
31 - 40,6 - 10 Years
18 - 30,Upto 5 Years
31 - 40,Upto 5 Years
18 - 30,Upto 5 Years
31 - 40,11 - 20 Years
51 - 60,11 - 20 Years
31 - 40,Upto 5 Years
41 - 50,21 - 40 Years
31 - 40,11 - 20 Years
41 - 50,6 - 10 Years
31 - 40,11 - 20 Years
31 - 40,6 - 10 Years
31 - 40,11 - 20 Years
18 - 30,Upto 5 Years
31 - 40,6 - 10 Years
41 - 50,6 - 10 Years
31 - 40,6 - 10 Years
41 - 50,6 - 10 Years
31 - 40,11 - 20 Years
31 - 40,11 - 20 Years
31 - 40,11 - 20 Years
31 - 40,6 - 10 Years
31 - 40,6 - 10 Years
41 - 50,6 - 10 Years
41 - 50,11 - 20 Years
41 - 50,21 - 40 Years
18 - 30,6 - 10 Years
18 - 30,6 - 10 Years
41 - 50,11 - 20 Years
31 - 40,11 - 20 Years
31 - 40,6 - 10 Years
51 - 60,21 - 40 Years
31 - 40,6 - 10 Years
41 - 50,21 - 40 Years
31 - 40,11 - 20 Years
51 - 60,11 - 20 Years
31 - 40,6 - 10 Years
18 - 30,Upto 5 Years
31 - 40,11 - 20 Years
18 - 30,Upto 5 Years
51 - 60,21 - 40 Years
18 - 30,Upto 5 Years
31 - 40,Upto 5 Years
18 - 30,Upto 5 Years
41 - 50,6 - 10 Years
31 - 40,11 - 20 Years
41 - 50,6 - 10 Years
18 - 30,6 - 10 Years
18 - 30,11 - 20 Years
31 - 40,Upto 5 Years
41 - 50,6 - 10 Years
41 - 50,6 - 10 Years
41 - 50,11 - 20 Years
18 - 30,Upto 5 Years
18 - 30,11 - 20 Years
41 - 50,6 - 10 Years
31 - 40,6 - 10 Years
41 - 50,21 - 40 Years
18 - 30,6 - 10 Years
18 - 30,Upto 5 Years
41 - 50,21 - 40 Years
41 - 50,21 - 40 Years
18 - 30,Upto 5 Years
41 - 50,11 - 20 Years
18 - 30,6 - 10 Years
31 - 40,6 - 10 Years
51 - 60,11 - 20 Years
18 - 30,Upto 5 Years
18 - 30,Upto 5 Years
18 - 30,Upto 5 Years
31 - 40,6 - 10 Years
31 - 40,6 - 10 Years
31 - 40,6 - 10 Years
18 - 30,11 - 20 Years
31 - 40,11 - 20 Years
31 - 40,Upto 5 Years
41 - 50,6 - 10 Years
31 - 40,6 - 10 Years
31 - 40,21 - 40 Years
18 - 30,Upto 5 Years
18 - 30,6 - 10 Years
41 - 50,21 - 40 Years
41 - 50,6 - 10 Years
31 - 40,Upto 5 Years
51 - 60,Upto 5 Years
31 - 40,11 - 20 Years
41 - 50,11 - 20 Years
41 - 50,11 - 20 Years
31 - 40,6 - 10 Years
31 - 40,6 - 10 Years
31 - 40,Upto 5 Years
18 - 30,6 - 10 Years
41 - 50,11 - 20 Years
31 - 40,6 - 10 Years
18 - 30,6 - 10 Years
18 - 30,Upto 5 Years
31 - 40,6 - 10 Years
18 - 30,6 - 10 Years
31 - 40,11 - 20 Years
18 - 30,6 - 10 Years
41 - 50,11 - 20 Years
51 - 60,6 - 10 Years
31 - 40,6 - 10 Years
31 - 40,11 - 20 Years
51 - 60,21 - 40 Years
31 - 40,6 - 10 Years
31 - 40,6 - 10 Years
41 - 50,21 - 40 Years
41 - 50,11 - 20 Years
18 - 30,Upto 5 Years
31 - 40,6 - 10 Years
18 - 30,Upto 5 Years
31 - 40,Upto 5 Years
31 - 40,Upto 5 Years
31 - 40,11 - 20 Years
31 - 40,6 - 10 Years
18 - 30,6 - 10 Years
18 - 30,6 - 10 Years
31 - 40,6 - 10 Years
31 - 40,6 - 10 Years
18 - 30,6 - 10 Years
31 - 40,11 - 20 Years
31 - 40,6 - 10 Years
18 - 30,6 - 10 Years
31 - 40,6 - 10 Years
31 - 40,6 - 10 Years
51 - 60,11 - 20 Years
51 - 60,6 - 10 Years
31 - 40,6 - 10 Years
41 - 50,6 - 10 Years
31 - 40,6 - 10 Years
51 - 60,21 - 40 Years
31 - 40,Upto 5 Years
31 - 40,21 - 40 Years
41 - 50,11 - 20 Years
31 - 40,11 - 20 Years
51 - 60,6 - 10 Years
18 - 30,Upto 5 Years
18 - 30,Upto 5 Years
31 - 40,6 - 10 Years
31 - 40,11 - 20 Years
18 - 30,6 - 10 Years
18 - 30,11 - 20 Years
18 - 30,6 - 10 Years
41 - 50,21 - 40 Years
31 - 40,Upto 5 Years
31 - 40,11 - 20 Years
31 - 40,Upto 5 Years
31 - 40,6 - 10 Years
41 - 50,6 - 10 Years
41 - 50,11 - 20 Years
41 - 50,11 - 20 Years
31 - 40,Upto 5 Years
18 - 30,Upto 5 Years
31 - 40,6 - 10 Years
31 - 40,6 - 10 Years
31 - 40,6 - 10 Years
31 - 40,6 - 10 Years
31 - 40,Upto 5 Years
31 - 40,11 - 20 Years
31 - 40,11 - 20 Years
31 - 40,11 - 20 Years
31 - 40,11 - 20 Years
18 - 30,6 - 10 Years
51 - 60,11 - 20 Years
41 - 50,6 - 10 Years
18 - 30,Upto 5 Years
31 - 40,21 - 40 Years
18 - 30,Upto 5 Years
31 - 40,6 - 10 Years
31 - 40,11 - 20 Years
51 - 60,11 - 20 Years
18 - 30,Upto 5 Years
41 - 50,21 - 40 Years
51 - 60,11 - 20 Years
41 - 50,21 - 40 Years
31 - 40,6 - 10 Years
31 - 40,11 - 20 Years
41 - 50,11 - 20 Years
31 - 40,Upto 5 Years
31 - 40,6 - 10 Years
31 - 40,6 - 10 Years
41 - 50,11 - 20 Years
31 - 40,6 - 10 Years
41 - 50,6 - 10 Years
31 - 40,6 - 10 Years
31 - 40,6 - 10 Years
31 - 40,11 - 20 Years
31 - 40,Upto 5 Years
18 - 30,6 - 10 Years
18 - 30,Upto 5 Years
41 - 50,11 - 20 Years
31 - 40,21 - 40 Years
31 - 40,6 - 10 Years
18 - 30,Upto 5 Years
31 - 40,11 - 20 Years
31 - 40,6 - 10 Years
18 - 30,6 - 10 Years
41 - 50,11 - 20 Years
31 - 40,6 - 10 Years
